,support,itemsets
0,0.053292995112869446,frozenset({'12 PENCILS SMALL TUBE RED RETROSPOT'})
1,0.06585990225738887,frozenset({'3 STRIPEY MICE FELTCRAFT'})
2,0.05957644868512916,frozenset({'4 TRADITIONAL SPINNING TOPS'})
3,0.054223877123574585,"frozenset({""6 GIFT TAGS 50'S CHRISTMAS""})"
4,0.0523621131021643,frozenset({'6 GIFT TAGS VINTAGE CHRISTMAS'})
5,0.09518268559460089,frozenset({'6 RIBBONS RUSTIC CHARM'})
6,0.053292995112869446,frozenset({'60 CAKE CASES DOLLY GIRL DESIGN'})
7,0.07842680940190831,frozenset({'60 CAKE CASES VINTAGE CHRISTMAS'})
8,0.0949499650919246,frozenset({'60 TEATIME FAIRY CAKE CASES'})
9,0.07470328135908774,frozenset({'72 SWEETHEART FAIRY CAKE CASES'})
10,0.07423784035373517,frozenset({'ALARM CLOCK BAKELIKE GREEN'})
11,0.05515475913427973,frozenset({'ALARM CLOCK BAKELIKE IVORY'})
12,0.06609262276006517,frozenset({'ALARM CLOCK BAKELIKE PINK'})
13,0.0884337910169886,frozenset({'ALARM CLOCK BAKELIKE RED'})
14,0.08052129392599489,frozenset({'ANTIQUE SILVER T-LIGHT GLASS'})
15,0.15662089830114034,frozenset({'ASSORTED COLOUR BIRD ORNAMENT'})
16,0.05445659762625087,frozenset({'ASSORTED COLOUR MINI CASES'})
17,0.13358156853618805,frozenset({'BAKING SET 9 PIECE RETROSPOT'})
18,0.06795438678147545,frozenset({'BAKING SET SPACEBOY DESIGN'})
19,0.053991156620898303,frozenset({'BATHROOM METAL SIGN'})
20,0.053292995112869446,"frozenset({""BISCUIT TIN 50'S CHRISTMAS""})"
21,0.05189667209681173,frozenset({'BLUE HAPPY BIRTHDAY BUNTING'})
22,0.0702815918082383,frozenset({'BLUE HARMONICA IN BOX'})
23,0.06935070979753316,"frozenset({""BOX OF 6 MINI 50'S CRACKERS""})"
24,0.06260181521992088,frozenset({'BOX OF 6 MINI VINTAGE CRACKERS'})
25,0.05143123109145916,frozenset({'BUNDLE OF 3 ALPHABET EXERCISE BOOKS'})
26,0.050034908075401445,frozenset({'CANDLEHOLDER PINK HANGING HEART'})
27,0.05119851058878287,frozenset({'CARD BILLBOARD FONT'})
28,0.050500349080754015,frozenset({'CHARLOTTE BAG PINK POLKADOT'})
29,0.057249243658366304,frozenset({'CHARLOTTE BAG SUKI DESIGN'})
30,0.06795438678147545,frozenset({'CHILDRENS APRON SPACEBOY DESIGN'})
31,0.05166395159413544,frozenset({'CHILDRENS CUTLERY SPACEBOY'})
32,0.08820107051431231,frozenset({'CHOCOLATE HOT WATER BOTTLE'})
33,0.050500349080754015,frozenset({'CHOCOLATE THIS WAY METAL SIGN'})
34,0.07330695834303003,frozenset({'CHRISTMAS CRAFT LITTLE FRIENDS'})
35,0.05864556667442402,frozenset({'CHRISTMAS CRAFT TREE TOP ANGEL'})
36,0.05957644868512916,frozenset({'CHRISTMAS CRAFT WHITE FAIRY'})
37,0.08377938096346288,frozenset({'CLOTHES PEGS RETROSPOT PACK 24'})
38,0.07284151733767745,frozenset({'COLOUR GLASS T-LIGHT HOLDER HANGING'})
39,0.06585990225738887,frozenset({'COOK WITH WINE METAL SIGN'})
40,0.06329997672794974,frozenset({'CREAM HEART CARD HOLDER'})
41,0.06585990225738887,frozenset({'CREAM SWEETHEART MINI CHEST'})
42,0.06469629974400745,frozenset({'DOLLY GIRL LUNCH BOX'})
43,0.05166395159413544,frozenset({'DOORMAT ENGLISH ROSE'})
44,0.06562718175471259,frozenset({'DOORMAT HEARTS'})
45,0.08680474749825459,frozenset({'DOORMAT KEEP CALM AND COME IN'})
46,0.07167791482429602,frozenset({'DOORMAT NEW ENGLAND'})
47,0.07447056085641145,frozenset({'DOORMAT RED RETROSPOT'})
48,0.057016523155690016,frozenset({'DOORMAT SPOTTY HOME SWEET HOME'})
49,0.07260879683500117,frozenset({'DOORMAT UNION FLAG'})
50,0.0523621131021643,frozenset({'DOORMAT WELCOME TO OUR HOME'})
51,0.07191063532697231,frozenset({'ENAMEL FLOWER JUG CREAM'})
52,0.0523621131021643,frozenset({'ENAMEL MEASURING JUG CREAM'})
53,0.05794740516639516,frozenset({'FAWN BLUE HOT WATER BOTTLE'})
54,0.07772864789387945,frozenset({'FELTCRAFT 6 FLOWER FRIENDS'})
55,0.06585990225738887,frozenset({'FELTCRAFT BUTTERFLY HEARTS'})
56,0.05468931812892716,frozenset({'FELTCRAFT CHRISTMAS FAIRY'})
57,0.05585292064230859,frozenset({'FELTCRAFT CUSHION OWL'})
58,0.06236909471724459,frozenset({'FELTCRAFT PRINCESS CHARLOTTE DOLL'})
59,0.05608564114498487,frozenset({'FELTCRAFT PRINCESS LOLA DOLL'})
60,0.08098673493134745,frozenset({'GARDENERS KNEELING PAD CUP OF TEA'})
61,0.0933209215731906,frozenset({'GARDENERS KNEELING PAD KEEP CALM'})
62,0.06004188969048173,"frozenset({""GIANT 50'S CHRISTMAS CRACKER""})"
63,0.07609960437514544,frozenset({'GIN + TONIC DIET METAL SIGN'})
64,0.08936467302769374,frozenset({'GINGERBREAD MAN COOKIE CUTTER'})
65,0.057481964161042585,frozenset({'GINGHAM HEART DECORATION'})
66,0.08866651151966488,frozenset({'GREEN REGENCY TEACUP AND SAUCER'})
67,0.07749592739120316,frozenset({'GREY HEART HOT WATER BOTTLE'})
68,0.05911100767977659,frozenset({'GUMBALL COAT RACK'})
69,0.06260181521992088,frozenset({'HAND OVER THE CHOCOLATE   SIGN'})
70,0.07726320688852688,frozenset({'HAND WARMER BIRD DESIGN'})
71,0.08657202699557831,frozenset({'HAND WARMER OWL DESIGN'})
72,0.06190365371189202,frozenset({'HAND WARMER RED LOVE HEART'})
73,0.05957644868512916,frozenset({'HAND WARMER RED RETROSPOT'})
74,0.07586688387246916,frozenset({'HAND WARMER SCOTTY DOG DESIGN'})
75,0.06981615080288574,frozenset({'HAND WARMER UNION JACK'})
76,0.07004887130556202,frozenset({'HANGING HEART JAR T-LIGHT HOLDER'})
77,0.06190365371189202,frozenset({'HANGING HEART ZINC T-LIGHT HOLDER'})
78,0.11217128228996974,frozenset({'HEART OF WICKER LARGE'})
79,0.13218524552013033,frozenset({'HEART OF WICKER SMALL'})
80,0.08238305794740516,frozenset({'HOME BUILDING BLOCK WORD'})
81,0.09867349313474517,frozenset({'HOMEMADE JAM SCENTED CANDLES'})
82,0.07284151733767745,frozenset({'HOT WATER BOTTLE I AM SO POORLY'})
83,0.10914591575517803,frozenset({'HOT WATER BOTTLE KEEP CALM'})
84,0.07493600186176402,frozenset({'HOT WATER BOTTLE TEA AND SYMPATHY'})
85,0.05492203863160344,frozenset({'IVORY DINER WALL CLOCK'})
86,0.08494298347684431,frozenset({'IVORY KITCHEN SCALES'})
87,0.1226437049104026,frozenset({'JAM MAKING SET PRINTED'})
88,0.13078892250407262,frozenset({'JAM MAKING SET WITH JARS'})
89,0.05166395159413544,frozenset({'JINGLE BELL HEART DECORATION'})
90,0.06981615080288574,frozenset({'JUMBO  BAG BAROQUE BLACK WHITE'})
91,0.0900628345357226,"frozenset({""JUMBO BAG 50'S CHRISTMAS""})"
92,0.09076099604375146,frozenset({'JUMBO BAG ALPHABET'})
93,0.0786595299045846,frozenset({'JUMBO BAG APPLES'})
94,0.06888526879218058,frozenset({'JUMBO BAG DOILEY PATTERNS'})
95,0.05259483360484059,frozenset({'JUMBO BAG PAISLEY PARK'})
96,0.05934372818245288,frozenset({'JUMBO BAG PEARS'})
97,0.08540842448219688,frozenset({'JUMBO BAG PINK POLKADOT'})
98,0.0705143123109146,frozenset({'JUMBO BAG PINK VINTAGE PAISLEY'})
99,0.14591575517803118,frozenset({'JUMBO BAG RED RETROSPOT'})
100,0.053292995112869446,frozenset({'JUMBO BAG SCANDINAVIAN BLUE PAISLEY'})
101,0.056551082150337446,frozenset({'JUMBO BAG SPACEBOY DESIGN'})
102,0.07237607633232487,frozenset({'JUMBO BAG STRAWBERRY'})
103,0.06539446125203631,frozenset({'JUMBO BAG VINTAGE CHRISTMAS'})
104,0.08284849895275774,frozenset({'JUMBO BAG VINTAGE DOILY'})
105,0.08657202699557831,frozenset({'JUMBO BAG VINTAGE LEAF'})
106,0.05678380265301373,frozenset({'JUMBO BAG WOODLAND ANIMALS'})
107,0.08633930649290203,frozenset({'JUMBO SHOPPER VINTAGE RED PAISLEY'})
108,0.0507330695834303,frozenset({'JUMBO STORAGE BAG SKULLS'})
109,0.0767977658831743,frozenset({'JUMBO STORAGE BAG SUKI'})
110,0.08075401442867117,frozenset({'LARGE WHITE HEART OF WICKER'})
111,0.0767977658831743,frozenset({'LOVE BUILDING BLOCK WORD'})
112,0.07237607633232487,frozenset({'LOVE HOT WATER BOTTLE'})
113,0.10542238771235746,frozenset({'LUNCH BAG  BLACK SKULL.'})
114,0.08657202699557831,frozenset({'LUNCH BAG ALPHABET DESIGN'})
115,0.09122643704910402,frozenset({'LUNCH BAG APPLE DESIGN'})
116,0.11054223877123574,frozenset({'LUNCH BAG CARS BLUE'})
117,0.0670235047707703,frozenset({'LUNCH BAG DOILEY PATTERN'})
118,0.07121247381894345,frozenset({'LUNCH BAG DOLLY GIRL DESIGN'})
119,0.053991156620898303,frozenset({'LUNCH BAG PAISLEY PARK'})
120,0.10193158017221317,frozenset({'LUNCH BAG PINK POLKADOT'})
121,0.12241098440772633,frozenset({'LUNCH BAG RED RETROSPOT'})
122,0.1128694437979986,frozenset({'LUNCH BAG SPACEBOY DESIGN'})
123,0.09192459855713288,frozenset({'LUNCH BAG SUKI DESIGN'})
124,0.07330695834303003,frozenset({'LUNCH BAG VINTAGE DOILY'})
125,0.06981615080288574,frozenset({'LUNCH BAG VINTAGE LEAF DESIGN'})
126,0.08540842448219688,frozenset({'LUNCH BAG WOODLAND'})
127,0.05259483360484059,frozenset({'MEMO BOARD RETROSPOT  DESIGN'})
128,0.05259483360484059,frozenset({'METAL SIGN TAKE IT OR LEAVE IT'})
129,0.0507330695834303,frozenset({'NATURAL SLATE CHALKBOARD LARGE'})
130,0.13544333255759833,frozenset({'NATURAL SLATE HEART CHALKBOARD'})
131,0.06004188969048173,frozenset({'OPEN CLOSED METAL SIGN'})
132,0.06027461019315802,frozenset({'PACK OF 12 HEARTS DESIGN TISSUES'})
133,0.05259483360484059,frozenset({'PACK OF 12 TRADITIONAL CRAYONS'})
134,0.08215033744472888,frozenset({'PACK OF 20 NAPKINS PANTRY DESIGN'})
135,0.05492203863160344,frozenset({'PACK OF 6 BIRDY GIFT TAGS'})
136,0.06562718175471259,frozenset({'PACK OF 60 DINOSAUR CAKE CASES'})
137,0.09401908308121945,frozenset({'PACK OF 60 PINK PAISLEY CAKE CASES'})
138,0.061438212706539444,frozenset({'PACK OF 60 SPACEBOY CAKE CASES'})
139,0.14591575517803118,frozenset({'PACK OF 72 RETROSPOT CAKE CASES'})
140,0.06772166627879916,frozenset({'PACK OF 72 SKULL CAKE CASES'})
141,0.05957644868512916,frozenset({'PAINTED METAL PEARS ASSORTED'})
142,0.05934372818245288,frozenset({'PANTRY MAGNETIC  SHOPPING LIST'})
143,0.05143123109145916,frozenset({'PANTRY WASHING UP BRUSH'})
144,0.07470328135908774,frozenset({'PAPER BUNTING RETROSPOT'})
145,0.14172678612985803,"frozenset({""PAPER CHAIN KIT 50'S CHRISTMAS""})"
146,0.06423085873865488,frozenset({'PAPER CHAIN KIT EMPIRE'})
147,0.06748894577612288,frozenset({'PAPER CHAIN KIT RETROSPOT'})
148,0.10868047474982546,frozenset({'PAPER CHAIN KIT VINTAGE CHRISTMAS'})
149,0.1624389108680475,frozenset({'PARTY BUNTING'})
150,0.05468931812892716,frozenset({'PARTY METAL SIGN'})
151,0.06353269723062602,frozenset({'PHOTO FRAME CORNICE'})
152,0.0637654177333023,frozenset({'PINK BLUE FELT CRAFT TRINKET BOX'})
153,0.07097975331626716,frozenset({'PINK CREAM FELT CRAFT TRINKET BOX'})
154,0.057481964161042585,frozenset({'PINK FAIRY CAKE CHILDRENS APRON'})
155,0.054223877123574585,frozenset({'PINK HAPPY BIRTHDAY BUNTING'})
156,0.07330695834303003,frozenset({'PINK REGENCY TEACUP AND SAUCER'})
157,0.06935070979753316,frozenset({'PLASTERS IN TIN CIRCUS PARADE'})
158,0.06446357924133116,frozenset({'PLASTERS IN TIN SKULLS'})
159,0.07749592739120316,frozenset({'PLASTERS IN TIN SPACEBOY'})
160,0.06655806376541773,frozenset({'PLASTERS IN TIN STRONGMAN'})
161,0.07214335582964859,frozenset({'PLASTERS IN TIN VINTAGE PAISLEY'})
162,0.08052129392599489,frozenset({'PLASTERS IN TIN WOODLAND ANIMALS'})
163,0.06562718175471259,frozenset({'PLAYING CARDS KEEP CALM & CARRY ON'})
164,0.08308121945543402,frozenset({'PLEASE ONE PERSON METAL SIGN'})
165,0.06795438678147545,frozenset({'POPCORN HOLDER'})
166,0.053292995112869446,"frozenset({""POPPY'S PLAYHOUSE KITCHEN""})"
167,0.07237607633232487,frozenset({'POSTAGE'})
168,0.05212939259948802,frozenset({'POTTERING IN THE SHED METAL SIGN'})
169,0.10356062369094718,frozenset({'RABBIT NIGHT LIGHT'})
170,0.10844775424714917,frozenset({'RECIPE BOX PANTRY YELLOW DESIGN'})
171,0.053292995112869446,frozenset({'RECIPE BOX RETROSPOT'})
172,0.08028857342331859,frozenset({'RED  HARMONICA IN BOX'})
173,0.08820107051431231,frozenset({'RED HANGING HEART T-LIGHT HOLDER'})
174,0.06679078426809403,frozenset({'RED KITCHEN SCALES'})
175,0.0588782871771003,frozenset({'RED RETROSPOT CAKE STAND'})
176,0.07749592739120316,frozenset({'RED RETROSPOT CHARLOTTE BAG'})
177,0.05282755410751687,frozenset({'RED RETROSPOT MINI CASES'})
178,0.050965790086106584,frozenset({'RED RETROSPOT PICNIC BAG'})
179,0.05445659762625087,frozenset({'RED RETROSPOT SHOPPER BAG'})
180,0.05445659762625087,frozenset({'RED RETROSPOT WRAP'})
181,0.060507330695834305,frozenset({'RED TOADSTOOL LED NIGHT LIGHT'})
182,0.05259483360484059,frozenset({'RED WOOLLY HOTTIE WHITE HEART.'})
183,0.20223411682569234,frozenset({'REGENCY CAKESTAND 3 TIER'})
184,0.05119851058878287,frozenset({'REGENCY TEA PLATE ROSES'})
185,0.05678380265301373,frozenset({'REGENCY TEAPOT ROSES'})
186,0.08564114498487317,frozenset({'RETROSPOT HEART HOT WATER BOTTLE'})
187,0.11240400279264604,frozenset({'RETROSPOT TEA SET CERAMIC 11 PC'})
188,0.050034908075401445,frozenset({'REVOLVER WOODEN RULER'})
189,0.1114731207819409,frozenset({'REX CASH+CARRY JUMBO SHOPPER'})
190,0.057714684663718874,frozenset({'RIBBON REEL STRIPES DESIGN'})
191,0.05585292064230859,"frozenset({""ROLL WRAP 50'S CHRISTMAS""})"
192,0.09704444961601118,frozenset({'ROSES REGENCY TEACUP AND SAUCER'})
193,0.05189667209681173,frozenset({'ROUND SNACK BOXES SET OF 4 FRUITS'})
194,0.0637654177333023,frozenset({'ROUND SNACK BOXES SET OF4 WOODLAND'})
195,0.057016523155690016,frozenset({'SCANDINAVIAN REDS RIBBONS'})
196,0.09844077263206888,frozenset({'SCOTTIE DOG HOT WATER BOTTLE'})
197,0.05515475913427973,frozenset({'SET 2 PANTRY DESIGN TEA TOWELS'})
198,0.0621363742145683,frozenset({'SET OF 10 LED DOLLY LIGHTS'})
199,0.07400511985105888,frozenset({'SET OF 12 FAIRY CAKE BAKING CASES'})
200,0.057249243658366304,frozenset({'SET OF 12 MINI LOAF BAKING CASES'})
201,0.06679078426809403,frozenset({'SET OF 20 KIDS COOKIE CUTTERS'})
202,0.08471026297416802,frozenset({'SET OF 20 VINTAGE CHRISTMAS NAPKINS'})
203,0.07493600186176402,frozenset({'SET OF 3 BUTTERFLY COOKIE CUTTERS'})
204,0.14707935769141262,frozenset({'SET OF 3 CAKE TINS PANTRY DESIGN'})
205,0.08680474749825459,frozenset({'SET OF 3 HEART COOKIE CUTTERS'})
206,0.057714684663718874,frozenset({'SET OF 3 NOTEBOOKS IN PARCEL'})
207,0.10821503374447289,frozenset({'SET OF 3 REGENCY CAKE TINS'})
208,0.0621363742145683,frozenset({'SET OF 3 WOODEN HEART DECORATIONS'})
209,0.05282755410751687,frozenset({'SET OF 4 KNICK KNACK TINS DOILY'})
210,0.09960437514545031,frozenset({'SET OF 4 PANTRY JELLY MOULDS'})
211,0.06423085873865488,frozenset({'SET OF 6 RIBBONS VINTAGE CHRISTMAS'})
212,0.057714684663718874,frozenset({'SET OF 6 SOLDIER SKITTLES'})
213,0.08983011403304632,frozenset({'SET OF 6 SPICE TINS PANTRY DESIGN'})
214,0.05538747963695602,frozenset({'SET OF 6 TEA TIME BAKING CASES'})
215,0.08308121945543402,frozenset({'SET OF 60 PANTRY DESIGN CAKE CASES'})
216,0.05585292064230859,frozenset({'SET OF 72 RETROSPOT PAPER  DOILIES'})
217,0.06283453572259716,frozenset({'SET OF TEA COFFEE SUGAR TINS PANTRY'})
218,0.05468931812892716,frozenset({'SET/10 RED POLKADOT PARTY CANDLES'})
219,0.09797533162671632,frozenset({'SET/20 RED RETROSPOT PAPER NAPKINS'})
220,0.0819176169420526,frozenset({'SET/5 RED RETROSPOT LID GLASS BOWLS'})
221,0.053758436118222015,frozenset({'SINGLE HEART ZINC T-LIGHT HOLDER'})
222,0.0523621131021643,frozenset({'SMALL POPCORN HOLDER'})
223,0.08727018850360717,frozenset({'SMALL WHITE HEART OF WICKER'})
224,0.053758436118222015,frozenset({'SPACEBOY BIRTHDAY CARD'})
225,0.07330695834303003,frozenset({'SPACEBOY LUNCH BOX'})
226,0.13195252501745403,frozenset({'SPOTTY BUNTING'})
227,0.06795438678147545,frozenset({'STRAWBERRY CERAMIC TRINKET BOX'})
228,0.05306027461019316,frozenset({'STRAWBERRY CHARLOTTE BAG'})
229,0.05306027461019316,frozenset({'STRAWBERRY LUNCH BOX WITH CUTLERY'})
230,0.057714684663718874,frozenset({'SWEETHEART CAKESTAND 3 TIER'})
231,0.08494298347684431,frozenset({'TRADITIONAL KNITTING NANCY'})
232,0.05306027461019316,frozenset({'TRADITIONAL MODELLING CLAY'})
233,0.053991156620898303,frozenset({'TRADITIONAL WOODEN CATCH CUP GAME'})
234,0.060972771701186874,frozenset({'TRADITIONAL WOODEN SKIPPING ROPE'})
235,0.050500349080754015,frozenset({'TRAVEL CARD WALLET KEEP CALM'})
236,0.06004188969048173,frozenset({'TRAVEL SEWING KIT'})
237,0.0933209215731906,frozenset({'VICTORIAN GLASS HANGING T-LIGHT'})
238,0.05841284617174773,frozenset({'VINTAGE CHRISTMAS BUNTING'})
239,0.056551082150337446,frozenset({'VINTAGE CHRISTMAS STOCKING'})
240,0.06516174074936001,frozenset({'VINTAGE DOILY TRAVEL SEWING KIT'})
241,0.0786595299045846,frozenset({'VINTAGE HEADS AND TAILS CARD GAME'})
242,0.10356062369094718,frozenset({'VINTAGE SNAP CARDS'})
243,0.06167093320921573,frozenset({'VINTAGE UNION JACK BUNTING'})
244,0.1964161042587852,frozenset({'WHITE HANGING HEART T-LIGHT HOLDER'})
245,0.05794740516639516,frozenset({'WHITE SKULL HOT WATER BOTTLE'})
246,0.06353269723062602,frozenset({'WHITE WOOD GARDEN PLANT LADDER'})
247,0.05259483360484059,frozenset({'WICKER STAR'})
248,0.0556202001396323,frozenset({'WOOD 2 DRAWER CABINET WHITE FINISH'})
249,0.06562718175471259,frozenset({'WOOD BLACK BOARD ANT WHITE FINISH'})
250,0.07772864789387945,frozenset({'WOODEN BOX OF DOMINOES'})
251,0.09052827554107516,frozenset({'WOODEN FRAME ANTIQUE WHITE'})
252,0.0786595299045846,frozenset({'WOODEN HEART CHRISTMAS SCANDINAVIAN'})
253,0.09471724458924831,frozenset({'WOODEN PICTURE FRAME WHITE FINISH'})
254,0.05143123109145916,frozenset({'WOODEN ROUNDERS GARDEN SET'})
255,0.06609262276006517,frozenset({'WOODEN SCHOOL COLOURING SET'})
256,0.07656504538049802,frozenset({'WOODEN STAR CHRISTMAS SCANDINAVIAN'})
257,0.05166395159413544,frozenset({'WOODEN TREE CHRISTMAS SCANDINAVIAN'})
258,0.050500349080754015,frozenset({'WOODEN UNION JACK BUNTING'})
259,0.05468931812892716,frozenset({'WOODLAND CHARLOTTE BAG'})
260,0.07004887130556202,frozenset({'WORLD WAR 2 GLIDERS ASSTD DESIGNS'})
261,0.0621363742145683,frozenset({'ZINC FOLKART SLEIGH BELLS'})
262,0.07121247381894345,frozenset({'ZINC METAL HEART DECORATION'})
263,0.06167093320921573,"frozenset({'PACK OF 72 RETROSPOT CAKE CASES', '60 TEATIME FAIRY CAKE CASES'})"
264,0.060740051198510586,"frozenset({'ALARM CLOCK BAKELIKE RED', 'ALARM CLOCK BAKELIKE GREEN'})"
265,0.05119851058878287,"frozenset({'ALARM CLOCK BAKELIKE RED', 'ALARM CLOCK BAKELIKE PINK'})"
266,0.057714684663718874,"frozenset({'REGENCY CAKESTAND 3 TIER', 'ASSORTED COLOUR BIRD ORNAMENT'})"
267,0.054223877123574585,"frozenset({'WHITE HANGING HEART T-LIGHT HOLDER', 'ASSORTED COLOUR BIRD ORNAMENT'})"
268,0.05585292064230859,"frozenset({'BAKING SET 9 PIECE RETROSPOT', 'BAKING SET SPACEBOY DESIGN'})"
269,0.050500349080754015,"frozenset({'DOLLY GIRL LUNCH BOX', 'SPACEBOY LUNCH BOX'})"
270,0.06120549220386316,"frozenset({'GARDENERS KNEELING PAD CUP OF TEA', 'GARDENERS KNEELING PAD KEEP CALM'})"
271,0.06795438678147545,"frozenset({'GREEN REGENCY TEACUP AND SAUCER', 'PINK REGENCY TEACUP AND SAUCER'})"
272,0.06772166627879916,"frozenset({'GREEN REGENCY TEACUP AND SAUCER', 'REGENCY CAKESTAND 3 TIER'})"
273,0.07330695834303003,"frozenset({'GREEN REGENCY TEACUP AND SAUCER', 'ROSES REGENCY TEACUP AND SAUCER'})"
274,0.07097975331626716,"frozenset({'HEART OF WICKER SMALL', 'HEART OF WICKER LARGE'})"
275,0.06120549220386316,"frozenset({'WHITE HANGING HEART T-LIGHT HOLDER', 'HEART OF WICKER LARGE'})"
276,0.05166395159413544,"frozenset({'SMALL WHITE HEART OF WICKER', 'HEART OF WICKER SMALL'})"
277,0.06120549220386316,"frozenset({'WHITE HANGING HEART T-LIGHT HOLDER', 'HEART OF WICKER SMALL'})"
278,0.05864556667442402,"frozenset({'JAM MAKING SET WITH JARS', 'JAM MAKING SET PRINTED'})"
279,0.050500349080754015,"frozenset({'SET OF 3 CAKE TINS PANTRY DESIGN', 'JAM MAKING SET PRINTED'})"
280,0.0507330695834303,"frozenset({'REGENCY CAKESTAND 3 TIER', 'JAM MAKING SET WITH JARS'})"
281,0.05678380265301373,"frozenset({'SET OF 3 CAKE TINS PANTRY DESIGN', 'JAM MAKING SET WITH JARS'})"
282,0.05119851058878287,"frozenset({'JUMBO BAG RED RETROSPOT', 'JUMBO  BAG BAROQUE BLACK WHITE'})"
283,0.05143123109145916,"frozenset({'JUMBO BAG RED RETROSPOT', ""JUMBO BAG 50'S CHRISTMAS""})"
284,0.05515475913427973,"frozenset({'JUMBO BAG RED RETROSPOT', 'JUMBO BAG ALPHABET'})"
285,0.05678380265301373,"frozenset({'JUMBO BAG RED RETROSPOT', 'JUMBO BAG APPLES'})"
286,0.06539446125203631,"frozenset({'JUMBO BAG RED RETROSPOT', 'JUMBO BAG PINK POLKADOT'})"
287,0.05631836164766116,"frozenset({'JUMBO BAG RED RETROSPOT', 'JUMBO BAG STRAWBERRY'})"
288,0.05468931812892716,"frozenset({'JUMBO BAG VINTAGE DOILY', 'JUMBO BAG RED RETROSPOT'})"
289,0.05189667209681173,"frozenset({'JUMBO BAG RED RETROSPOT', 'JUMBO BAG VINTAGE LEAF'})"
290,0.05166395159413544,"frozenset({'JUMBO SHOPPER VINTAGE RED PAISLEY', 'JUMBO BAG RED RETROSPOT'})"
291,0.05212939259948802,"frozenset({'JUMBO BAG RED RETROSPOT', 'JUMBO STORAGE BAG SUKI'})"
292,0.0523621131021643,"frozenset({'JUMBO BAG RED RETROSPOT', 'LUNCH BAG PINK POLKADOT'})"
293,0.06236909471724459,"frozenset({'JUMBO BAG RED RETROSPOT', 'LUNCH BAG RED RETROSPOT'})"
294,0.050267628578077726,"frozenset({'WHITE HANGING HEART T-LIGHT HOLDER', 'JUMBO BAG RED RETROSPOT'})"
295,0.05119851058878287,"frozenset({'LARGE WHITE HEART OF WICKER', 'SMALL WHITE HEART OF WICKER'})"
296,0.050500349080754015,"frozenset({'LUNCH BAG  BLACK SKULL.', 'LUNCH BAG ALPHABET DESIGN'})"
297,0.06027461019315802,"frozenset({'LUNCH BAG  BLACK SKULL.', 'LUNCH BAG CARS BLUE'})"
298,0.0639981382359786,"frozenset({'LUNCH BAG  BLACK SKULL.', 'LUNCH BAG PINK POLKADOT'})"
299,0.06888526879218058,"frozenset({'LUNCH BAG  BLACK SKULL.', 'LUNCH BAG RED RETROSPOT'})"
300,0.060972771701186874,"frozenset({'LUNCH BAG SPACEBOY DESIGN', 'LUNCH BAG  BLACK SKULL.'})"
301,0.05841284617174773,"frozenset({'LUNCH BAG  BLACK SKULL.', 'LUNCH BAG SUKI DESIGN'})"
302,0.050267628578077726,"frozenset({'LUNCH BAG  BLACK SKULL.', 'LUNCH BAG WOODLAND'})"
303,0.05119851058878287,"frozenset({'LUNCH BAG ALPHABET DESIGN', 'LUNCH BAG APPLE DESIGN'})"
304,0.05282755410751687,"frozenset({'LUNCH BAG ALPHABET DESIGN', 'LUNCH BAG CARS BLUE'})"
305,0.0523621131021643,"frozenset({'LUNCH BAG ALPHABET DESIGN', 'LUNCH BAG RED RETROSPOT'})"
306,0.05212939259948802,"frozenset({'LUNCH BAG SPACEBOY DESIGN', 'LUNCH BAG ALPHABET DESIGN'})"
307,0.053758436118222015,"frozenset({'LUNCH BAG CARS BLUE', 'LUNCH BAG APPLE DESIGN'})"
308,0.05794740516639516,"frozenset({'LUNCH BAG RED RETROSPOT', 'LUNCH BAG APPLE DESIGN'})"
309,0.05143123109145916,"frozenset({'LUNCH BAG SPACEBOY DESIGN', 'LUNCH BAG APPLE DESIGN'})"
310,0.06539446125203631,"frozenset({'LUNCH BAG CARS BLUE', 'LUNCH BAG PINK POLKADOT'})"
311,0.07097975331626716,"frozenset({'LUNCH BAG CARS BLUE', 'LUNCH BAG RED RETROSPOT'})"
312,0.06492902024668373,"frozenset({'LUNCH BAG SPACEBOY DESIGN', 'LUNCH BAG CARS BLUE'})"
313,0.06236909471724459,"frozenset({'LUNCH BAG SUKI DESIGN', 'LUNCH BAG CARS BLUE'})"
314,0.053991156620898303,"frozenset({'LUNCH BAG WOODLAND', 'LUNCH BAG CARS BLUE'})"
315,0.053292995112869446,"frozenset({'LUNCH BAG SPACEBOY DESIGN', 'LUNCH BAG DOLLY GIRL DESIGN'})"
316,0.06725622527344659,"frozenset({'LUNCH BAG RED RETROSPOT', 'LUNCH BAG PINK POLKADOT'})"
317,0.05841284617174773,"frozenset({'LUNCH BAG SPACEBOY DESIGN', 'LUNCH BAG PINK POLKADOT'})"
318,0.05352571561554573,"frozenset({'LUNCH BAG SUKI DESIGN', 'LUNCH BAG PINK POLKADOT'})"
319,0.06935070979753316,"frozenset({'LUNCH BAG SPACEBOY DESIGN', 'LUNCH BAG RED RETROSPOT'})"
320,0.06167093320921573,"frozenset({'LUNCH BAG SUKI DESIGN', 'LUNCH BAG RED RETROSPOT'})"
321,0.057481964161042585,"frozenset({'LUNCH BAG WOODLAND', 'LUNCH BAG RED RETROSPOT'})"
322,0.06120549220386316,"frozenset({'LUNCH BAG SPACEBOY DESIGN', 'LUNCH BAG SUKI DESIGN'})"
323,0.05980916918780545,"frozenset({'LUNCH BAG SPACEBOY DESIGN', 'LUNCH BAG WOODLAND'})"
324,0.057481964161042585,"frozenset({'WHITE HANGING HEART T-LIGHT HOLDER', 'NATURAL SLATE HEART CHALKBOARD'})"
325,0.06283453572259716,"frozenset({'PACK OF 72 RETROSPOT CAKE CASES', 'PACK OF 60 PINK PAISLEY CAKE CASES'})"
326,0.0754014428671166,"frozenset({""PAPER CHAIN KIT 50'S CHRISTMAS"", 'PAPER CHAIN KIT VINTAGE CHRISTMAS'})"
327,0.06283453572259716,"frozenset({'REGENCY CAKESTAND 3 TIER', 'PARTY BUNTING'})"
328,0.0686525482895043,"frozenset({'SPOTTY BUNTING', 'PARTY BUNTING'})"
329,0.057714684663718874,"frozenset({'WHITE HANGING HEART T-LIGHT HOLDER', 'PARTY BUNTING'})"
330,0.05934372818245288,"frozenset({'REGENCY CAKESTAND 3 TIER', 'PINK REGENCY TEACUP AND SAUCER'})"
331,0.06236909471724459,"frozenset({'ROSES REGENCY TEACUP AND SAUCER', 'PINK REGENCY TEACUP AND SAUCER'})"
332,0.060972771701186874,"frozenset({'SET OF 3 CAKE TINS PANTRY DESIGN', 'RECIPE BOX PANTRY YELLOW DESIGN'})"
333,0.07121247381894345,"frozenset({'WHITE HANGING HEART T-LIGHT HOLDER', 'RED HANGING HEART T-LIGHT HOLDER'})"
334,0.07330695834303003,"frozenset({'REGENCY CAKESTAND 3 TIER', 'ROSES REGENCY TEACUP AND SAUCER'})"
335,0.0588782871771003,"frozenset({'SET OF 3 CAKE TINS PANTRY DESIGN', 'REGENCY CAKESTAND 3 TIER'})"
336,0.06888526879218058,"frozenset({'REGENCY CAKESTAND 3 TIER', 'SET OF 3 REGENCY CAKE TINS'})"
337,0.05957644868512916,"frozenset({'WHITE HANGING HEART T-LIGHT HOLDER', 'REGENCY CAKESTAND 3 TIER'})"
338,0.05143123109145916,"frozenset({'SET OF 3 CAKE TINS PANTRY DESIGN', 'SET OF 3 REGENCY CAKE TINS'})"
339,0.0621363742145683,"frozenset({'SET OF 3 CAKE TINS PANTRY DESIGN', 'SET OF 6 SPICE TINS PANTRY DESIGN'})"
340,0.050500349080754015,"frozenset({'SET OF 3 CAKE TINS PANTRY DESIGN', 'SET OF TEA COFFEE SUGAR TINS PANTRY'})"
341,0.06516174074936001,"frozenset({'WOODEN FRAME ANTIQUE WHITE', 'WOODEN PICTURE FRAME WHITE FINISH'})"
342,0.05794740516639516,"frozenset({'WOODEN STAR CHRISTMAS SCANDINAVIAN', 'WOODEN HEART CHRISTMAS SCANDINAVIAN'})"
343,0.05608564114498487,"frozenset({'GREEN REGENCY TEACUP AND SAUCER', 'REGENCY CAKESTAND 3 TIER', 'PINK REGENCY TEACUP AND SAUCER'})"
344,0.05980916918780545,"frozenset({'GREEN REGENCY TEACUP AND SAUCER', 'ROSES REGENCY TEACUP AND SAUCER', 'PINK REGENCY TEACUP AND SAUCER'})"
345,0.0588782871771003,"frozenset({'GREEN REGENCY TEACUP AND SAUCER', 'REGENCY CAKESTAND 3 TIER', 'ROSES REGENCY TEACUP AND SAUCER'})"
346,0.050267628578077726,"frozenset({'LUNCH BAG  BLACK SKULL.', 'LUNCH BAG RED RETROSPOT', 'LUNCH BAG PINK POLKADOT'})"
347,0.050965790086106584,"frozenset({'LUNCH BAG CARS BLUE', 'LUNCH BAG RED RETROSPOT', 'LUNCH BAG PINK POLKADOT'})"
348,0.050500349080754015,"frozenset({'LUNCH BAG SPACEBOY DESIGN', 'LUNCH BAG CARS BLUE', 'LUNCH BAG RED RETROSPOT'})"
349,0.053292995112869446,"frozenset({'REGENCY CAKESTAND 3 TIER', 'ROSES REGENCY TEACUP AND SAUCER', 'PINK REGENCY TEACUP AND SAUCER'})"
350,0.05119851058878287,"frozenset({'GREEN REGENCY TEACUP AND SAUCER', 'REGENCY CAKESTAND 3 TIER', 'ROSES REGENCY TEACUP AND SAUCER', 'PINK REGENCY TEACUP AND SAUCER'})"
